{
    "training_time": 13.9539,
    "hyperparameters": {
        "class_weight": "balanced",
        "C": 1.0,
        "max_iter": 1000
    },
    "cv_scores": [
        0.7437451883923953,
        0.7524331276139002,
        0.744794938554533,
        0.7476985696111892,
        0.7428688013054122
    ],
    "cv_mean": 0.746308125095486,
    "cv_std": 0.003468034543846637,
    "train_metrics": {
        "accuracy": 0.6864323242177576,
        "precision": 0.16075394592673753,
        "recall": 0.683345921450151,
        "f1": 0.26027857022990436,
        "roc_auc": 0.749145814608894,
        "avg_precision": 0.22184854689778355
    },
    "test_metrics": {
        "accuracy": 0.6821673915694484,
        "precision": 0.1576074195820615,
        "recall": 0.6759818731117825,
        "f1": 0.2556169078446306,
        "roc_auc": 0.7427635054935733,
        "avg_precision": 0.21856271755384696
    }
}